Title,Cost,Short Description,Long Description,INGREDIENTS,CRUELTY FREE,DELIVERY & RETURNS,VEGAN/GLUTEN,Category/Sub-category,Attributes,Video_url,Image_url
?,?,?,?,?,?,?,?,?,?,?,?
?,?,?,?,?,?,?,?,?,?,?,?
?,?,?,?,?,?,?,?,?,?,?,?
?,?,?,?,?,?,?,?,?,?,?,?
?,?,?,?,?,?,?,?,?,?,?,?
?,?,?,?,?,?,?,?,?,?,?,?
?,?,?,?,?,?,?,?,?,?,?,?
?,?,?,?,?,?,?,?,?,?,?,?
?,?,?,?,?,?,?,?,?,?,?,?
?,?,?,?,?,?,?,?,?,?,?,?
?,?,?,?,?,?,?,?,?,?,?,?
?,?,?,?,?,?,?,?,?,?,?,?
?,?,?,?,?,?,?,?,?,?,?,?
?,?,?,?,?,?,?,?,?,?,?,?
?,?,?,?,?,?,?,?,?,?,?,?
?,?,?,?,?,?,?,?,?,?,?,?
?,?,?,?,?,?,?,?,?,?,?,?
?,?,?,?,?,?,?,?,?,?,?,?
?,?,?,?,?,?,?,?,?,?,?,?
?,?,?,?,?,?,?,?,?,?,?,?
?,?,?,?,?,?,?,?,?,?,?,?
?,?,?,?,?,?,?,?,?,?,?,?
?,?,?,?,?,?,?,?,?,?,?,?
?,?,?,?,?,?,?,?,?,?,?,?
?,?,?,?,?,?,?,?,?,?,?,?
?,?,?,?,?,?,?,?,?,?,?,?
?,?,?,?,?,?,?,?,?,?,?,?
?,?,?,?,?,?,?,?,?,?,?,?
?,?,?,?,?,?,?,?,?,?,?,?
?,?,?,?,?,?,?,?,?,?,?,?
?,?,?,?,?,?,?,?,?,?,?,?
?,?,?,?,?,?,?,?,?,?,?,?
?,?,?,?,?,?,?,?,?,?,?,?
?,?,?,?,?,?,?,?,?,?,?,?
?,?,?,?,?,?,?,?,?,?,?,?
?,?,?,?,?,?,?,?,?,?,?,?
?,?,?,?,?,?,?,?,?,?,?,?
?,?,?,?,?,?,?,?,?,?,?,?
?,?,?,?,?,?,?,?,?,?,?,?
?,?,?,?,?,?,?,?,?,?,?,?
?,?,?,?,?,?,?,?,?,?,?,?
?,?,?,?,?,?,?,?,?,?,?,?
?,?,?,?,?,?,?,?,?,?,?,?
?,?,?,?,?,?,?,?,?,?,?,?
?,?,?,?,?,?,?,?,?,?,?,?
?,?,?,?,?,?,?,?,?,?,?,?
?,?,?,?,?,?,?,?,?,?,?,?
?,?,?,?,?,?,?,?,?,?,?,?
?,?,?,?,?,?,?,?,?,?,?,?
?,?,?,?,?,?,?,?,?,?,?,?
?,?,?,?,?,?,?,?,?,?,?,?
?,?,?,?,?,?,?,?,?,?,?,?
?,?,?,?,?,?,?,?,?,?,?,?
?,?,?,?,?,?,?,?,?,?,?,?
?,?,?,?,?,?,?,?,?,?,?,?
?,?,?,?,?,?,?,?,?,?,?,?
?,?,?,?,?,?,?,?,?,?,?,?
?,?,?,?,?,?,?,?,?,?,?,?
?,?,?,?,?,?,?,?,?,?,?,?
?,?,?,?,?,?,?,?,?,?,?,?
?,?,?,?,?,?,?,?,?,?,?,?
?,?,?,?,?,?,?,?,?,?,?,?
?,?,?,?,?,?,?,?,?,?,?,?
?,?,?,?,?,?,?,?,?,?,?,?
?,?,?,?,?,?,?,?,?,?,?,?
?,?,?,?,?,?,?,?,?,?,?,?
?,?,?,?,?,?,?,?,?,?,?,?
?,?,?,?,?,?,?,?,?,?,?,?
?,?,?,?,?,?,?,?,?,?,?,?
?,?,?,?,?,?,?,?,?,?,?,?
?,?,?,?,?,?,?,?,?,?,?,?
?,?,?,?,?,?,?,?,?,?,?,?
?,?,?,?,?,?,?,?,?,?,?,?
?,?,?,?,?,?,?,?,?,?,?,?
?,?,?,?,?,?,?,?,?,?,?,?
?,?,?,?,?,?,?,?,?,?,?,?
?,?,?,?,?,?,?,?,?,?,?,?
?,?,?,?,?,?,?,?,?,?,?,?
?,?,?,?,?,?,?,?,?,?,?,?
?,?,?,?,?,?,?,?,?,?,?,?
?,?,?,?,?,?,?,?,?,?,?,?
?,?,?,?,?,?,?,?,?,?,?,?
?,?,?,?,?,?,?,?,?,?,?,?
?,?,?,?,?,?,?,?,?,?,?,?
?,?,?,?,?,?,?,?,?,?,?,?
?,?,?,?,?,?,?,?,?,?,?,?
?,?,?,?,?,?,?,?,?,?,?,?
?,?,?,?,?,?,?,?,?,?,?,?
?,?,?,?,?,?,?,?,?,?,?,?
?,?,?,?,?,?,?,?,?,?,?,?
?,?,?,?,?,?,?,?,?,?,?,?
?,?,?,?,?,?,?,?,?,?,?,?
?,?,?,?,?,?,?,?,?,?,?,?
?,?,?,?,?,?,?,?,?,?,?,?
?,?,?,?,?,?,?,?,?,?,?,?
?,?,?,?,?,?,?,?,?,?,?,?
?,?,?,?,?,?,?,?,?,?,?,?
?,?,?,?,?,?,?,?,?,?,?,?
?,?,?,?,?,?,?,?,?,?,?,?
?,?,?,?,?,?,?,?,?,?,?,?
?,?,?,?,?,?,?,?,?,?,?,?
?,?,?,?,?,?,?,?,?,?,?,?
?,?,?,?,?,?,?,?,?,?,?,?
?,?,?,?,?,?,?,?,?,?,?,?
?,?,?,?,?,?,?,?,?,?,?,?
?,?,?,?,?,?,?,?,?,?,?,?
?,?,?,?,?,?,?,?,?,?,?,?
?,?,?,?,?,?,?,?,?,?,?,?
?,?,?,?,?,?,?,?,?,?,?,?
?,?,?,?,?,?,?,?,?,?,?,?
?,?,?,?,?,?,?,?,?,?,?,?
?,?,?,?,?,?,?,?,?,?,?,?
?,?,?,?,?,?,?,?,?,?,?,?
?,?,?,?,?,?,?,?,?,?,?,?
?,?,?,?,?,?,?,?,?,?,?,?
?,?,?,?,?,?,?,?,?,?,?,?
?,?,?,?,?,?,?,?,?,?,?,?
?,?,?,?,?,?,?,?,?,?,?,?
?,?,?,?,?,?,?,?,?,?,?,?
?,?,?,?,?,?,?,?,?,?,?,?
?,?,?,?,?,?,?,?,?,?,?,?
?,?,?,?,?,?,?,?,?,?,?,?
?,?,?,?,?,?,?,?,?,?,?,?
?,?,?,?,?,?,?,?,?,?,?,?
?,?,?,?,?,?,?,?,?,?,?,?
?,?,?,?,?,?,?,?,?,?,?,?
?,?,?,?,?,?,?,?,?,?,?,?
?,?,?,?,?,?,?,?,?,?,?,?
?,?,?,?,?,?,?,?,?,?,?,?
?,?,?,?,?,?,?,?,?,?,?,?
?,?,?,?,?,?,?,?,?,?,?,?
?,?,?,?,?,?,?,?,?,?,?,?
?,?,?,?,?,?,?,?,?,?,?,?
?,?,?,?,?,?,?,?,?,?,?,?
?,?,?,?,?,?,?,?,?,?,?,?
?,?,?,?,?,?,?,?,?,?,?,?
?,?,?,?,?,?,?,?,?,?,?,?
?,?,?,?,?,?,?,?,?,?,?,?
?,?,?,?,?,?,?,?,?,?,?,?
?,?,?,?,?,?,?,?,?,?,?,?
?,?,?,?,?,?,?,?,?,?,?,?
?,?,?,?,?,?,?,?,?,?,?,?
?,?,?,?,?,?,?,?,?,?,?,?
?,?,?,?,?,?,?,?,?,?,?,?
?,?,?,?,?,?,?,?,?,?,?,?
?,?,?,?,?,?,?,?,?,?,?,?
?,?,?,?,?,?,?,?,?,?,?,?
?,?,?,?,?,?,?,?,?,?,?,?
?,?,?,?,?,?,?,?,?,?,?,?
?,?,?,?,?,?,?,?,?,?,?,?
?,?,?,?,?,?,?,?,?,?,?,?
?,?,?,?,?,?,?,?,?,?,?,?
?,?,?,?,?,?,?,?,?,?,?,?
?,?,?,?,?,?,?,?,?,?,?,?
?,?,?,?,?,?,?,?,?,?,?,?
?,?,?,?,?,?,?,?,?,?,?,?
?,?,?,?,?,?,?,?,?,?,?,?
?,?,?,?,?,?,?,?,?,?,?,?
?,?,?,?,?,?,?,?,?,?,?,?
?,?,?,?,?,?,?,?,?,?,?,?
?,?,?,?,?,?,?,?,?,?,?,?
?,?,?,?,?,?,?,?,?,?,?,?
?,?,?,?,?,?,?,?,?,?,?,?
?,?,?,?,?,?,?,?,?,?,?,?
?,?,?,?,?,?,?,?,?,?,?,?
?,?,?,?,?,?,?,?,?,?,?,?
?,?,?,?,?,?,?,?,?,?,?,?
?,?,?,?,?,?,?,?,?,?,?,?
?,?,?,?,?,?,?,?,?,?,?,?
?,?,?,?,?,?,?,?,?,?,?,?
?,?,?,?,?,?,?,?,?,?,?,?
?,?,?,?,?,?,?,?,?,?,?,?
?,?,?,?,?,?,?,?,?,?,?,?
?,?,?,?,?,?,?,?,?,?,?,?
?,?,?,?,?,?,?,?,?,?,?,?
?,?,?,?,?,?,?,?,?,?,?,?
?,?,?,?,?,?,?,?,?,?,?,?
?,?,?,?,?,?,?,?,?,?,?,?
?,?,?,?,?,?,?,?,?,?,?,?
?,?,?,?,?,?,?,?,?,?,?,?
?,?,?,?,?,?,?,?,?,?,?,?
?,?,?,?,?,?,?,?,?,?,?,?
?,?,?,?,?,?,?,?,?,?,?,?
?,?,?,?,?,?,?,?,?,?,?,?
?,?,?,?,?,?,?,?,?,?,?,?
?,?,?,?,?,?,?,?,?,?,?,?
?,?,?,?,?,?,?,?,?,?,?,?
?,?,?,?,?,?,?,?,?,?,?,?
?,?,?,?,?,?,?,?,?,?,?,?
?,?,?,?,?,?,?,?,?,?,?,?
?,?,?,?,?,?,?,?,?,?,?,?
?,?,?,?,?,?,?,?,?,?,?,?
?,?,?,?,?,?,?,?,?,?,?,?
?,?,?,?,?,?,?,?,?,?,?,?
?,?,?,?,?,?,?,?,?,?,?,?
?,?,?,?,?,?,?,?,?,?,?,?
?,?,?,?,?,?,?,?,?,?,?,?
?,?,?,?,?,?,?,?,?,?,?,?
?,?,?,?,?,?,?,?,?,?,?,?
?,?,?,?,?,?,?,?,?,?,?,?
?,?,?,?,?,?,?,?,?,?,?,?
?,?,?,?,?,?,?,?,?,?,?,?
?,?,?,?,?,?,?,?,?,?,?,?
?,?,?,?,?,?,?,?,?,?,?,?
?,?,?,?,?,?,?,?,?,?,?,?
?,?,?,?,?,?,?,?,?,?,?,?
?,?,?,?,?,?,?,?,?,?,?,?
?,?,?,?,?,?,?,?,?,?,?,?
?,?,?,?,?,?,?,?,?,?,?,?
?,?,?,?,?,?,?,?,?,?,?,?
?,?,?,?,?,?,?,?,?,?,?,?
?,?,?,?,?,?,?,?,?,?,?,?
?,?,?,?,?,?,?,?,?,?,?,?
?,?,?,?,?,?,?,?,?,?,?,?
?,?,?,?,?,?,?,?,?,?,?,?
?,?,?,?,?,?,?,?,?,?,?,?
?,?,?,?,?,?,?,?,?,?,?,?
?,?,?,?,?,?,?,?,?,?,?,?
?,?,?,?,?,?,?,?,?,?,?,?
?,?,?,?,?,?,?,?,?,?,?,?
?,?,?,?,?,?,?,?,?,?,?,?
?,?,?,?,?,?,?,?,?,?,?,?
?,?,?,?,?,?,?,?,?,?,?,?
?,?,?,?,?,?,?,?,?,?,?,?
?,?,?,?,?,?,?,?,?,?,?,?
?,?,?,?,?,?,?,?,?,?,?,?
?,?,?,?,?,?,?,?,?,?,?,?
?,?,?,?,?,?,?,?,?,?,?,?
?,?,?,?,?,?,?,?,?,?,?,?
?,?,?,?,?,?,?,?,?,?,?,?
?,?,?,?,?,?,?,?,?,?,?,?
?,?,?,?,?,?,?,?,?,?,?,?
?,?,?,?,?,?,?,?,?,?,?,?
?,?,?,?,?,?,?,?,?,?,?,?
?,?,?,?,?,?,?,?,?,?,?,?
?,?,?,?,?,?,?,?,?,?,?,?
?,?,?,?,?,?,?,?,?,?,?,?
?,?,?,?,?,?,?,?,?,?,?,?
?,?,?,?,?,?,?,?,?,?,?,?
?,?,?,?,?,?,?,?,?,?,?,?
?,?,?,?,?,?,?,?,?,?,?,?
?,?,?,?,?,?,?,?,?,?,?,?
?,?,?,?,?,?,?,?,?,?,?,?
?,?,?,?,?,?,?,?,?,?,?,?
?,?,?,?,?,?,?,?,?,?,?,?
?,?,?,?,?,?,?,?,?,?,?,?
?,?,?,?,?,?,?,?,?,?,?,?
?,?,?,?,?,?,?,?,?,?,?,?
?,?,?,?,?,?,?,?,?,?,?,?
?,?,?,?,?,?,?,?,?,?,?,?
?,?,?,?,?,?,?,?,?,?,?,?
?,?,?,?,?,?,?,?,?,?,?,?
?,?,?,?,?,?,?,?,?,?,?,?
?,?,?,?,?,?,?,?,?,?,?,?
?,?,?,?,?,?,?,?,?,?,?,?
?,?,?,?,?,?,?,?,?,?,?,?
?,?,?,?,?,?,?,?,?,?,?,?
?,?,?,?,?,?,?,?,?,?,?,?
?,?,?,?,?,?,?,?,?,?,?,?
?,?,?,?,?,?,?,?,?,?,?,?
?,?,?,?,?,?,?,?,?,?,?,?
?,?,?,?,?,?,?,?,?,?,?,?
?,?,?,?,?,?,?,?,?,?,?,?
?,?,?,?,?,?,?,?,?,?,?,?
?,?,?,?,?,?,?,?,?,?,?,?
?,?,?,?,?,?,?,?,?,?,?,?
?,?,?,?,?,?,?,?,?,?,?,?
?,?,?,?,?,?,?,?,?,?,?,?
?,?,?,?,?,?,?,?,?,?,?,?
?,?,?,?,?,?,?,?,?,?,?,?
?,?,?,?,?,?,?,?,?,?,?,?
?,?,?,?,?,?,?,?,?,?,?,?
?,?,?,?,?,?,?,?,?,?,?,?
?,?,?,?,?,?,?,?,?,?,?,?
?,?,?,?,?,?,?,?,?,?,?,?
?,?,?,?,?,?,?,?,?,?,?,?
?,?,?,?,?,?,?,?,?,?,?,?
?,?,?,?,?,?,?,?,?,?,?,?
?,?,?,?,?,?,?,?,?,?,?,?
?,?,?,?,?,?,?,?,?,?,?,?
?,?,?,?,?,?,?,?,?,?,?,?
?,?,?,?,?,?,?,?,?,?,?,?
?,?,?,?,?,?,?,?,?,?,?,?
?,?,?,?,?,?,?,?,?,?,?,?
?,?,?,?,?,?,?,?,?,?,?,?
?,?,?,?,?,?,?,?,?,?,?,?
?,?,?,?,?,?,?,?,?,?,?,?
?,?,?,?,?,?,?,?,?,?,?,?
?,?,?,?,?,?,?,?,?,?,?,?
?,?,?,?,?,?,?,?,?,?,?,?
?,?,?,?,?,?,?,?,?,?,?,?
?,?,?,?,?,?,?,?,?,?,?,?
?,?,?,?,?,?,?,?,?,?,?,?
?,?,?,?,?,?,?,?,?,?,?,?
?,?,?,?,?,?,?,?,?,?,?,?
?,?,?,?,?,?,?,?,?,?,?,?
?,?,?,?,?,?,?,?,?,?,?,?
?,?,?,?,?,?,?,?,?,?,?,?
?,?,?,?,?,?,?,?,?,?,?,?
?,?,?,?,?,?,?,?,?,?,?,?
?,?,?,?,?,?,?,?,?,?,?,?
?,?,?,?,?,?,?,?,?,?,?,?
?,?,?,?,?,?,?,?,?,?,?,?
?,?,?,?,?,?,?,?,?,?,?,?
?,?,?,?,?,?,?,?,?,?,?,?
?,?,?,?,?,?,?,?,?,?,?,?
?,?,?,?,?,?,?,?,?,?,?,?
?,?,?,?,?,?,?,?,?,?,?,?
?,?,?,?,?,?,?,?,?,?,?,?
?,?,?,?,?,?,?,?,?,?,?,?
?,?,?,?,?,?,?,?,?,?,?,?
?,?,?,?,?,?,?,?,?,?,?,?
?,?,?,?,?,?,?,?,?,?,?,?
?,?,?,?,?,?,?,?,?,?,?,?
?,?,?,?,?,?,?,?,?,?,?,?
?,?,?,?,?,?,?,?,?,?,?,?
?,?,?,?,?,?,?,?,?,?,?,?
?,?,?,?,?,?,?,?,?,?,?,?
?,?,?,?,?,?,?,?,?,?,?,?
?,?,?,?,?,?,?,?,?,?,?,?
?,?,?,?,?,?,?,?,?,?,?,?
?,?,?,?,?,?,?,?,?,?,?,?
?,?,?,?,?,?,?,?,?,?,?,?
?,?,?,?,?,?,?,?,?,?,?,?
?,?,?,?,?,?,?,?,?,?,?,?
?,?,?,?,?,?,?,?,?,?,?,?
?,?,?,?,?,?,?,?,?,?,?,?
?,?,?,?,?,?,?,?,?,?,?,?
?,?,?,?,?,?,?,?,?,?,?,?
?,?,?,?,?,?,?,?,?,?,?,?
?,?,?,?,?,?,?,?,?,?,?,?
?,?,?,?,?,?,?,?,?,?,?,?
?,?,?,?,?,?,?,?,?,?,?,?
?,?,?,?,?,?,?,?,?,?,?,?
?,?,?,?,?,?,?,?,?,?,?,?
?,?,?,?,?,?,?,?,?,?,?,?
?,?,?,?,?,?,?,?,?,?,?,?
?,?,?,?,?,?,?,?,?,?,?,?
?,?,?,?,?,?,?,?,?,?,?,?
?,?,?,?,?,?,?,?,?,?,?,?
?,?,?,?,?,?,?,?,?,?,?,?
?,?,?,?,?,?,?,?,?,?,?,?
?,?,?,?,?,?,?,?,?,?,?,?
?,?,?,?,?,?,?,?,?,?,?,?
?,?,?,?,?,?,?,?,?,?,?,?
?,?,?,?,?,?,?,?,?,?,?,?
?,?,?,?,?,?,?,?,?,?,?,?
?,?,?,?,?,?,?,?,?,?,?,?
?,?,?,?,?,?,?,?,?,?,?,?
?,?,?,?,?,?,?,?,?,?,?,?
?,?,?,?,?,?,?,?,?,?,?,?
?,?,?,?,?,?,?,?,?,?,?,?
?,?,?,?,?,?,?,?,?,?,?,?
?,?,?,?,?,?,?,?,?,?,?,?
?,?,?,?,?,?,?,?,?,?,?,?
?,?,?,?,?,?,?,?,?,?,?,?
?,?,?,?,?,?,?,?,?,?,?,?
?,?,?,?,?,?,?,?,?,?,?,?
?,?,?,?,?,?,?,?,?,?,?,?
?,?,?,?,?,?,?,?,?,?,?,?
?,?,?,?,?,?,?,?,?,?,?,?
?,?,?,?,?,?,?,?,?,?,?,?
?,?,?,?,?,?,?,?,?,?,?,?
?,?,?,?,?,?,?,?,?,?,?,?
?,?,?,?,?,?,?,?,?,?,?,?
?,?,?,?,?,?,?,?,?,?,?,?
?,?,?,?,?,?,?,?,?,?,?,?
?,?,?,?,?,?,?,?,?,?,?,?
?,?,?,?,?,?,?,?,?,?,?,?
?,?,?,?,?,?,?,?,?,?,?,?
?,?,?,?,?,?,?,?,?,?,?,?
?,?,?,?,?,?,?,?,?,?,?,?
?,?,?,?,?,?,?,?,?,?,?,?
?,?,?,?,?,?,?,?,?,?,?,?
?,?,?,?,?,?,?,?,?,?,?,?
?,?,?,?,?,?,?,?,?,?,?,?
?,?,?,?,?,?,?,?,?,?,?,?
?,?,?,?,?,?,?,?,?,?,?,?
?,?,?,?,?,?,?,?,?,?,?,?
?,?,?,?,?,?,?,?,?,?,?,?
?,?,?,?,?,?,?,?,?,?,?,?
?,?,?,?,?,?,?,?,?,?,?,?
?,?,?,?,?,?,?,?,?,?,?,?
?,?,?,?,?,?,?,?,?,?,?,?
?,?,?,?,?,?,?,?,?,?,?,?
?,?,?,?,?,?,?,?,?,?,?,?
?,?,?,?,?,?,?,?,?,?,?,?
?,?,?,?,?,?,?,?,?,?,?,?
?,?,?,?,?,?,?,?,?,?,?,?
?,?,?,?,?,?,?,?,?,?,?,?
?,?,?,?,?,?,?,?,?,?,?,?
?,?,?,?,?,?,?,?,?,?,?,?
?,?,?,?,?,?,?,?,?,?,?,?
?,?,?,?,?,?,?,?,?,?,?,?
?,?,?,?,?,?,?,?,?,?,?,?
?,?,?,?,?,?,?,?,?,?,?,?
?,?,?,?,?,?,?,?,?,?,?,?
?,?,?,?,?,?,?,?,?,?,?,?
?,?,?,?,?,?,?,?,?,?,?,?
?,?,?,?,?,?,?,?,?,?,?,?
?,?,?,?,?,?,?,?,?,?,?,?
?,?,?,?,?,?,?,?,?,?,?,?
?,?,?,?,?,?,?,?,?,?,?,?
?,?,?,?,?,?,?,?,?,?,?,?
?,?,?,?,?,?,?,?,?,?,?,?
?,?,?,?,?,?,?,?,?,?,?,?
?,?,?,?,?,?,?,?,?,?,?,?
?,?,?,?,?,?,?,?,?,?,?,?
?,?,?,?,?,?,?,?,?,?,?,?
?,?,?,?,?,?,?,?,?,?,?,?
?,?,?,?,?,?,?,?,?,?,?,?
?,?,?,?,?,?,?,?,?,?,?,?
?,?,?,?,?,?,?,?,?,?,?,?
?,?,?,?,?,?,?,?,?,?,?,?
?,?,?,?,?,?,?,?,?,?,?,?
?,?,?,?,?,?,?,?,?,?,?,?
?,?,?,?,?,?,?,?,?,?,?,?
?,?,?,?,?,?,?,?,?,?,?,?
?,?,?,?,?,?,?,?,?,?,?,?
?,?,?,?,?,?,?,?,?,?,?,?
?,?,?,?,?,?,?,?,?,?,?,?
?,?,?,?,?,?,?,?,?,?,?,?
?,?,?,?,?,?,?,?,?,?,?,?
?,?,?,?,?,?,?,?,?,?,?,?
?,?,?,?,?,?,?,?,?,?,?,?
?,?,?,?,?,?,?,?,?,?,?,?
?,?,?,?,?,?,?,?,?,?,?,?
?,?,?,?,?,?,?,?,?,?,?,?
?,?,?,?,?,?,?,?,?,?,?,?
?,?,?,?,?,?,?,?,?,?,?,?
?,?,?,?,?,?,?,?,?,?,?,?
?,?,?,?,?,?,?,?,?,?,?,?
?,?,?,?,?,?,?,?,?,?,?,?
?,?,?,?,?,?,?,?,?,?,?,?
?,?,?,?,?,?,?,?,?,?,?,?
?,?,?,?,?,?,?,?,?,?,?,?
?,?,?,?,?,?,?,?,?,?,?,?
?,?,?,?,?,?,?,?,?,?,?,?
?,?,?,?,?,?,?,?,?,?,?,?
?,?,?,?,?,?,?,?,?,?,?,?
?,?,?,?,?,?,?,?,?,?,?,?
?,?,?,?,?,?,?,?,?,?,?,?
?,?,?,?,?,?,?,?,?,?,?,?
?,?,?,?,?,?,?,?,?,?,?,?
?,?,?,?,?,?,?,?,?,?,?,?
?,?,?,?,?,?,?,?,?,?,?,?
?,?,?,?,?,?,?,?,?,?,?,?
?,?,?,?,?,?,?,?,?,?,?,?
?,?,?,?,?,?,?,?,?,?,?,?
?,?,?,?,?,?,?,?,?,?,?,?
?,?,?,?,?,?,?,?,?,?,?,?
?,?,?,?,?,?,?,?,?,?,?,?
?,?,?,?,?,?,?,?,?,?,?,?
?,?,?,?,?,?,?,?,?,?,?,?
?,?,?,?,?,?,?,?,?,?,?,?
?,?,?,?,?,?,?,?,?,?,?,?
?,?,?,?,?,?,?,?,?,?,?,?
?,?,?,?,?,?,?,?,?,?,?,?
?,?,?,?,?,?,?,?,?,?,?,?
?,?,?,?,?,?,?,?,?,?,?,?
?,?,?,?,?,?,?,?,?,?,?,?
?,?,?,?,?,?,?,?,?,?,?,?
?,?,?,?,?,?,?,?,?,?,?,?
?,?,?,?,?,?,?,?,?,?,?,?
?,?,?,?,?,?,?,?,?,?,?,?
?,?,?,?,?,?,?,?,?,?,?,?
?,?,?,?,?,?,?,?,?,?,?,?
?,?,?,?,?,?,?,?,?,?,?,?
?,?,?,?,?,?,?,?,?,?,?,?
?,?,?,?,?,?,?,?,?,?,?,?
?,?,?,?,?,?,?,?,?,?,?,?
?,?,?,?,?,?,?,?,?,?,?,?
?,?,?,?,?,?,?,?,?,?,?,?
?,?,?,?,?,?,?,?,?,?,?,?
?,?,?,?,?,?,?,?,?,?,?,?
?,?,?,?,?,?,?,?,?,?,?,?
?,?,?,?,?,?,?,?,?,?,?,?
?,?,?,?,?,?,?,?,?,?,?,?
?,?,?,?,?,?,?,?,?,?,?,?
?,?,?,?,?,?,?,?,?,?,?,?
?,?,?,?,?,?,?,?,?,?,?,?
?,?,?,?,?,?,?,?,?,?,?,?
?,?,?,?,?,?,?,?,?,?,?,?
?,?,?,?,?,?,?,?,?,?,?,?
?,?,?,?,?,?,?,?,?,?,?,?
?,?,?,?,?,?,?,?,?,?,?,?
?,?,?,?,?,?,?,?,?,?,?,?
?,?,?,?,?,?,?,?,?,?,?,?
?,?,?,?,?,?,?,?,?,?,?,?
?,?,?,?,?,?,?,?,?,?,?,?
?,?,?,?,?,?,?,?,?,?,?,?
?,?,?,?,?,?,?,?,?,?,?,?
?,?,?,?,?,?,?,?,?,?,?,?
?,?,?,?,?,?,?,?,?,?,?,?
?,?,?,?,?,?,?,?,?,?,?,?
?,?,?,?,?,?,?,?,?,?,?,?
?,?,?,?,?,?,?,?,?,?,?,?
?,?,?,?,?,?,?,?,?,?,?,?
?,?,?,?,?,?,?,?,?,?,?,?
